Workbook

Sheet Sheet1
A1: new_id | B1: latitude | C1: longitude | D1: 都道府県
A2: C01 | B2: 35.003502 | C2: 135.74716 | D2: 京都府
A3: C01 | B3: 35.003555 | C3: 135.74722 | D3: 京都府
A4: C01 | B4: 35.003822 | C4: 135.74808 | D4: 京都府
A5: C01 | B5: 35.003799 | C5: 135.74811 | D5: 京都府
A6: C01 | B6: 35.695362 | C6: 139.75865 | D6: 東京都
A7: C01 | B7: 35.695534 | C7: 139.76298 | D7: 東京都
A8: C01 | B8: 25.413939 | C8: 123.11461 | D8: 沖縄県
A9: C01 | B9: 25.415457 | C9: 123.1243 | D9: 沖縄県
A10: C01 | B10: 24.331825 | C10: 124.1496 | D10: 沖縄県
A11: C01 | B11: 24.337093 | C11: 124.15535 | D11: 沖縄県
A12: C01 | B12: 36.350647 | C12: 138.62685 | D12: 長野県
A13: C01 | B13: 36.342243 | C13: 138.63472 | D13: 長野県
... A3092: C32 | B3092: 35.681372 | C3092: 139.91952 | D3092: 東京都

Sheet Sheet2
A1: {
A2: "counties": [
A3: {
A4: "id": "county_1",
A5: "title": "愛知",
A6: "path": "M6284.96 5306.1L6280.85 5299.41L6292.94 5265.58L6272.15 5238.82L6274.81 5210.92L6285.93 5184.73L6279.89 5178.62L6258.37 5185.5L6230.8 5178.81L6207.35 5148.8L6199.61 5125.67L6204.93 5083.81L6245.79 5027.05L6276.74 5029.91L6316.88 5020.36L6352.66 4998.76L6352.18 5009.65L6380.71 5026.28L6379.99 5038.71L6392.08 5042.72L6389.9 5051.89L6396.43 5058.01L6404.17 5060.88L6411.42 5056.86L6434.15 5064.32L6446.72 5077.89L6467.27 5074.64L6489.52 5060.69L6504.75 5060.5L6522.88 5069.48L6521.19 5074.07L6541.5 5075.02L6541.02 5080.95L6564.96 5090.5L6606.54 5063.75L6625.89 5062.22L6618.15 5078.08L6633.62 5093.56L6633.38 5103.31L6663.85 5098.34L6684.4 5087.83L6722.12 5093.56L6727.44 5101.02L6747.75 5095.86L6740.25 5114.59L6752.83 5124.14L6738.8 5135.04L6740.74 5144.02L6729.61 5148.61L6694.31 5186.83L6693.59 5207.09L6662.64 5243.98L6596.15 5273.23L6585.75 5296.73L6589.62 5341.08L6507.17 5356.18L6424.23 5379.69L6375.15 5384.85L6368.86 5380.83L6388.21 5348.15L6400.05 5349.11L6406.1 5360L6463.16 5340.5L6483.96 5330.37L6481.54 5321.96L6492.42 5315.08L6504.02 5317.95L6509.34 5314.32L6514.42 5292.53L6500.64 5279.15L6459.78 5273.23L6447.2 5282.02L6441.4 5299.79L6421.82 5288.9L6370.31 5293.68L6335.98 5267.49L6343.48 5246.85L6332.84 5243.22L6322.68 5254.49L6316.15 5296.93L6340.82 5314.7L6344.44 5331.52L6303.58 5320.05L6284.96 5306.1Z",
A7: "center": [
A8: 6476.219999999999,
A9: 5191.805
A10: ]
A11: },
A12: {
A13: "id": "county_2",
A14: "title": "秋田",
A15: "path": "M7814.29 2965.3L7797.6 2912.74L7763.99 2881.78L7776.32 2866.3L7794.22 2870.69L7808.72 2887.7L7813.32 2865.91L7807.03 2858.08L7816.7 2846.42L7821.3 2819.66L7813.08 2792.71L7787.2 2784.3L7776.32 2792.52L7763.27 2808L7748.52 2847.38L7761.58 2855.4L7759.64 2879.49L7741.51 2873.94L7719.99 2876.81L7715.39 2881.59L7719.5 2897.83L7668.73 2896.11L7645.52 2860.95L7640.2 2836.1L7643.58 2822.15L7690.25 2847.38L7706.45 2843.36L7742.23 2815.46L7763.27 2785.45L7782.61 2739.77L7797.12 2682.43L7797.84 2650.51L7756.26 2615.91L7768.59 2613.81L7795.91 2620.5L7802.2 2603.87L7820.81 2597.18L7833.87 2603.3L7838.95 2612.66L7874.73 2610.18L7894.32 2615.53L7926.96 2608.27L7947.75 2611.71L7959.84 2592.6L7991.52 2590.49L7998.05 2606.55H8017.39L8045.19 2629.29L8069.37 2613.24L8099.6 2629.29L8118.7 2617.25L8137.07 2616.3L8154.48 2604.45L8171.65 2606.36L8177.45 2585.72L8207.19 2576.35L8203.33 2621.27L8254.83 2616.87L8261.6 2652.04L8251.68 2657.2L8239.59 2680.52L8242.98 2705.55L8233.31 2716.45L8218.56 2720.65L8198.97 2741.87L8208.64 2751.24L8205.02 2781.05L8192.44 2789.84L8191.24 2841.07L8206.23 2888.85L8192.69 2892.29L8180.84 2883.12L8161.01 2891.72L8162.7 2911.98L8189.78 2924.59L8169.96 2952.69L8160.53 2955.36L8176.49 2977.73L8179.63 2998.37L8167.3 3021.11L8160.77 3020.54L8146.02 3036.98L8135.87 3039.08L8140.94 3052.84L8130.55 3078.45L8111.69 3094.7L8112.9 3110.18L8102.02 3112.48L8100.81 3124.9L8110.24 3126.62L8124.74 3150.51L8121.12 3168.1L8133.93 3182.43L8161.01 3197.15L8153.03 3217.41L8173.59 3225.82L8159.08 3231.55L8147.71 3247.41L8154.24 3251.62L8147.47 3270.16L8170.93 3277.42L8174.31 3285.07L8155.21 3311.25L8157.14 3333.23L8139.98 3336.48L8100.32 3366.49L8057.77 3373.37L8051.24 3369.93L8045.44 3361.33L8008.68 3351.2L7994.66 3316.8L7969.03 3315.27L7960.57 3300.55L7934.45 3305.71L7859.98 3287.74L7840.88 3274.36L7823.72 3270.92L7818.88 3248.56L7795.18 3253.15L7786.24 3261.94L7725.55 3254.1L7741.99 3226.01L7736.43 3208.23L7745.86 3193.32L7744.89 3183.19L7754.32 3171.54L7771.25 3169.43L7793.97 3123.75L7813.32 3043.67L7814.29 2965.3Z",
A16: "center": [
A17: 7950.9,
A18: 2974.86
A19: ]
A20: },
A21: {
A22: "id": "county_3",
A23: "title": "青森",
A24: "path": "M8325.18 2396.49L8347.42 2380.63L8361.44 2360.56L8375.23 2325.2L8380.79 2278.37L8395.05 2256.59L8377.65 2217.21L8356.85 2197.33L8337.75 2195.81L8317.2 2226.58L8289.88 2242.06L8253.12 2234.03L8236.92 2246.46L8193.16 2252.95L8172.61 2269.58L8150.12 2260.6L8166.8 2172.87L8176.96 2160.25L8184.45 2125.09L8219.03 2086.29L8213.71 2070.61L8220.97 2060.1L8262.55 2090.11L8294.47 2092.21L8315.99 2101.77L8353.95 2139.42L8389.25 2155.67L8410.77 2157.77L8434.95 2150.7L8484.27 2118.78L8448.25 2249.7L8445.83 2346.99L8459.13 2453.07L8492.25 2545.96L8520.78 2566.79L8536.98 2559.34L8542.55 2569.85L8588.73 2605.97L8577.36 2616.3L8543.75 2628.15L8541.09 2644.01L8519.58 2657.2L8489.59 2642.48L8473.15 2644.2L8431.56 2665.23L8415.12 2644.58L8367.73 2673.06L8330.98 2680.33L8313.09 2689.88L8312.12 2703.64L8301 2704.03L8276.82 2718.93L8254.09 2718.74L8242.97 2705.75L8239.58 2680.71L8251.67 2657.39L8261.59 2652.23L8254.82 2617.06L8203.31 2621.46L8207.18 2576.54L8177.44 2585.91L8171.64 2606.55L8154.47 2604.64L8137.06 2616.49L8118.69 2617.44L8099.59 2629.48L8069.36 2613.43L8045.18 2629.48L8017.38 2606.74H7998.03L7991.51 2590.68L7959.83 2592.79L7947.74 2611.9L7926.95 2608.46L7894.31 2615.72L7874.72 2610.37L7838.94 2612.86L7833.86 2603.49L7820.8 2597.37L7802.18 2604.06L7795.9 2620.69L7768.58 2614L7756.24 2616.1L7762.53 2582.08L7757.94 2554.56L7747.06 2538.12L7723.84 2539.08L7720.22 2523.41L7763.26 2496.26L7787.92 2461.86L7803.64 2453.45L7818.38 2448.67L7848.13 2461.86L7882.7 2441.41L7902.29 2439.5L7912.44 2427.84L7937.1 2358.84L7938.8 2286.21L7922.11 2271.88L7905.19 2270.35L7909.3 2262.89L7930.58 2267.29L7939.76 2259.07L7949.43 2202.69L7975.79 2215.87L7991.99 2234.8L8007.46 2241.68L8023.66 2238.05L8047.84 2218.74L8074.2 2226L8089.92 2239.77L8087.26 2283.15L8096.69 2331.32L8114.34 2394.01L8136.82 2416.75L8168.98 2414.65L8197.75 2390.19L8203.07 2379.48L8197.75 2355.78L8205.73 2328.07L8241.76 2338.39L8258.2 2356.74L8253.85 2367.25L8271.5 2367.06L8293.74 2375.66L8306.56 2392.48L8325.18 2396.49Z",
A25: "center": [
A26: 8154.475,
A27: 2389.515
A28: ]
A29: },
A30: {
A31: "id": "county_4",
A32: "title": "千葉",
A33: "path": "M7709.34 5023.99L7712.73 5019.98L7735.94 5028L7745.37 5019.02L7738.11 5005.26L7740.29 4994.17L7772.93 4986.91L7770.03 4977.16L7776.8 4974.68L7782.6 4981.94L7819.11 4940.66L7832.89 4949.26L7838.46 4942.57L7825.4 4917.91L7807.02 4902.05L7777.77 4879.3L7761.08 4884.84L7752.62 4870.32L7726.51 4827.12L7734.73 4822.15L7740.05 4796.73L7699.43 4735.19L7698.22 4715.31L7681.05 4688.36L7691.21 4688.93L7699.18 4704.99L7738.6 4743.41L7756 4747.99L7760.84 4761.56L7785.99 4774.94L7845.47 4791.38L7859.49 4805.14L7884.15 4797.31L7904.95 4799.41L7919.21 4791.76L7938.56 4796.16L7959.35 4780.49L8007.95 4770.55L8034.06 4780.49L8056.07 4779.72L8083.39 4798.26L8113.13 4803.23L8139.97 4832.47L8200.42 4861.91L8197.76 4874.33L8179.38 4864.58L8143.11 4874.14L8123.77 4869.94L8105.63 4873.57L8039.87 4913.13L8006.26 4943.14L7979.18 4984.42L7972.17 5028.77L7983.53 5052.28L7968.78 5106.75L7952.58 5109.43L7941.22 5128.92L7934.45 5130.83L7882.46 5142.68L7876.9 5134.27L7845.95 5137.9L7826.37 5158.93L7778.73 5184.92L7766.4 5208.05L7768.82 5219.13L7757.94 5230.79L7732.79 5239.01L7704.5 5235L7699.91 5221.24L7668.24 5208.43L7668.96 5202.89L7688.3 5204.99L7718.53 5194.29L7699.67 5162.56L7710.79 5153L7702.09 5146.12L7709.1 5132.74L7699.18 5121.85L7699.43 5105.98L7721.67 5092.41L7723.61 5082.48L7712.97 5068.14L7714.42 5060.69L7696.28 5051.89L7709.34 5023.99Z",
A34: "center": [
A35: 7934.33,
A36: 4963.685
A37: ]
A38: },
A39: {
A40: "id": "county_5",
A41: "title": "愛媛",
A42: "path": "M4201.46 5972.96L4207.02 5964.74L4215.48 5959.77L4223.94 5960.53L4224.43 5956.71L4217.42 5954.23L4208.23 5951.17L4196.86 5954.23L4190.09 5958.62L4179.46 5953.84L4174.62 5961.11L4164.95 5958.62L4161.56 5954.23H4150.44L4153.58 5945.63L4157.69 5943.14L4161.08 5941.23L4168.57 5938.94L4167.85 5935.69L4166.88 5930.91L4159.63 5931.48L4154.31 5924.41L4162.77 5918.87L4161.08 5911.99L4154.55 5910.65L4163.01 5904.53L4166.88 5903.77L4172.2 5898.61L4174.38 5889.82L4168.82 5892.3L4159.15 5891.34L4163.26 5883.51L4150.92 5885.42L4142.94 5878.54L4137.38 5879.69L4128.92 5885.23L4108.13 5896.7L4095.55 5899.37L4087.58 5906.44L4060.98 5912.75L4047.2 5922.88L4043.33 5928.81L4035.83 5934.16L4023.5 5935.3L4022.78 5930.72L4031.24 5926.51L4031.48 5923.26L4019.15 5923.65L3998.6 5937.22L3986.26 5943.14L3980.22 5943.33L4032.21 5908.74L4044.54 5903L4060.49 5896.12L4074.28 5897.65L4081.77 5891.34L4089.27 5888.67L4100.39 5887.9L4106.19 5885.23L4108.61 5881.79L4136.66 5871.85L4157.45 5859.62L4175.59 5851.97L4180.66 5842.41L4200.73 5823.49L4215.97 5814.7L4253.44 5804L4282.94 5786.6L4288.02 5782.02L4296.97 5763.29L4307.85 5755.64L4302.28 5741.88L4302.04 5722.96L4306.88 5703.08L4312.68 5690.46L4323.08 5693.71L4333.48 5688.17L4341.7 5664.85L4343.39 5653L4386.19 5621.08L4413.02 5617.83L4411.57 5609.23L4417.86 5605.98L4414.23 5595.28L4422.94 5583.81L4441.07 5600.44L4464.77 5627.39L4482.18 5655.68L4491.36 5667.15L4494.51 5675.37L4506.6 5682.25L4529.57 5676.13L4562.93 5669.63L4571.88 5667.72L4568.98 5658.93L4597.99 5655.1L4603.8 5650.14L4612.98 5651.09L4621.93 5657.4L4638.86 5651.66L4655.3 5653.58L4666.9 5655.49L4684.55 5661.79L4696.64 5660.46L4713.33 5650.9L4718.16 5644.4L4721.55 5635.99L4725.42 5634.46L4735.09 5629.3L4743.07 5634.46L4766.04 5636.95L4780.79 5643.45L4773.78 5656.44L4780.3 5665.81V5685.69L4774.98 5697.35L4766.76 5702.89L4756.85 5703.08L4741.13 5702.89L4729.77 5709.2L4717.44 5702.7L4712.36 5703.46L4698.82 5718.18L4693.74 5723.34L4688.91 5726.4L4638.86 5727.74L4619.51 5725.25L4583.97 5725.63L4579.13 5728.88L4573.81 5742.84L4569.46 5744.94L4556.89 5748.57L4548.67 5742.07L4543.83 5742.45L4537.55 5755.64L4528.12 5770.74L4518.44 5778.39L4509.98 5787.94L4508.53 5798.45L4503.21 5803.81L4488.46 5805.72L4484.11 5818.14L4478.07 5832.09L4473.47 5840.89L4480.48 5846.43L4481.45 5856.37L4472.75 5861.53L4458.96 5878.35L4458.72 5883.51L4429.71 5890.01L4424.63 5887.52L4408.67 5889.05L4377.24 5885.04L4367.33 5887.14L4359.59 5892.87L4368.05 5898.99L4371.68 5916.96L4375.3 5920.78H4380.14L4385.7 5934.54L4396.58 5937.22L4403.11 5944.1L4404.08 5954.99L4402.14 5959.2L4382.8 5967.99L4353.54 5976.02L4346.05 5985.96L4341.7 6007.74L4331.3 6008.32L4327.19 6011.18L4323.8 6020.17L4306.64 6037.37L4302.04 6038.71L4279.07 6021.12L4276.41 6015.96L4271.58 6017.3L4268.19 6022.84L4275.2 6034.69L4274.48 6039.66L4285.84 6049.41L4290.92 6050.37L4293.1 6056.1L4288.26 6073.69L4295.51 6079.61L4300.59 6097.58L4300.35 6123L4290.44 6124.91L4289.23 6132.17L4281.49 6129.88L4258.76 6136.57L4255.38 6131.41L4249.33 6124.91L4247.16 6121.47L4236.03 6124.53L4231.44 6126.25L4225.15 6127.39L4224.67 6132.94L4225.15 6135.42L4220.56 6140.39L4212.1 6139.82L4205.57 6140.01L4199.52 6139.24L4201.46 6132.17L4193.72 6124.91L4196.14 6122.61L4204.84 6121.85L4213.31 6116.88L4198.07 6110.38L4204.84 6105.99L4210.65 6108.66L4214.27 6109.43L4217.66 6107.52L4212.58 6100.06L4215 6095.09L4207.74 6092.42L4204.84 6091.65L4204.6 6075.79L4197.83 6075.02L4189.37 6081.33L4179.21 6076.74L4170.03 6079.99L4166.88 6081.52L4164.71 6085.54L4163.5 6091.08L4154.79 6087.64L4162.77 6079.99L4163.26 6072.73L4166.88 6066.04L4172.2 6065.08L4177.04 6067.19L4180.42 6073.69L4188.4 6072.54L4202.18 6068.33L4205.33 6063.17L4198.07 6060.88L4203.15 6053.43L4212.34 6041.96L4211.86 6035.65L4202.43 6033.93L4198.8 6034.12L4193.48 6035.65L4189.85 6038.13L4184.53 6035.46L4185.74 6030.68L4177.04 6027.43L4180.66 6021.12L4187.68 6014.43L4175.1 6003.73L4187.43 6007.55L4204.12 6014.05L4211.13 6020.36L4219.59 6020.74L4217.66 6013.67L4212.82 6005.83L4220.32 6000.67L4233.86 6001.44L4239.42 6000.86L4241.6 5997.81L4238.21 5991.31L4231.44 5992.07L4222.25 5985.57L4231.68 5981.56L4232.65 5975.63L4213.31 5976.59L4201.46 5972.96Z",
A43: "center": [
A44: 4380.505,
A45: 5862.1
A46: ]
A47: },
A48: {
A49: "id": "county_6",
A50: "title": "福井",
A51: "path": "M5753.51 4929.76L5781.56 4943.52L5783.25 4950.79L5790.74 4950.02L5800.9 4945.05L5785.18 4929.57L5790.02 4927.09L5803.08 4933.97L5812.02 4921.54L5798 4912.94L5791.95 4896.89L5806.22 4899.75L5816.62 4912.94L5834.99 4905.3L5838.62 4911.99L5868.12 4905.11L5873.68 4896.89L5867.63 4890.77L5869.08 4872.61L5858.69 4859.62L5888.67 4840.7L5898.1 4852.16L5892.54 4879.49L5901.24 4889.82L5915.75 4887.71L5927.36 4858.66L5927.84 4834.2L5914.06 4812.6L5877.31 4783.55L5879.24 4762.52L5860.14 4739.78L5885.77 4715.5L5894.23 4687.02L5945.01 4627.96L5939.2 4615.35H5959.76L5996.75 4594.52L6037.37 4624.91L6043.41 4648.8L6053.33 4656.06L6075.09 4653.58L6090.81 4668.1L6102.17 4669.06L6144.48 4661.03L6189.46 4688.94L6195.26 4700.79L6240.96 4691.61L6246.03 4700.98L6234.19 4708.05L6228.14 4734.62L6240.23 4741.69L6239.02 4751.82L6258.12 4757.17L6254.98 4766.54L6270.46 4776.67L6277.71 4799.98L6262.48 4808.78L6258.37 4823.68L6225.97 4823.3L6198.64 4832.67L6188.49 4822.73L6177.37 4831.33L6164.79 4828.08L6152.95 4836.49L6133.12 4832.48L6119.58 4847.19L6112.32 4837.45L6086.7 4837.83L6058.41 4829.8L6036.64 4838.97L6036.4 4857.51L6012.47 4888.86L5968.7 4870.89L5952.5 4873.38L5945.01 4886.18L5965.07 4919.82L5961.93 4934.16L5935.33 4928.04L5926.87 4948.49L5895.68 4950.98L5884.8 4967.61L5873.68 4969.52L5855.06 4954.8L5829.91 5007.74L5816.13 5013.1L5807.67 5005.45L5791.71 5005.26L5790.5 5014.82L5781.56 5016.73L5770.68 5030.87L5737.55 5035.84L5701.04 5024.56L5659.21 5020.93L5656.07 5004.3L5624.39 4981.18L5631.4 4962.06L5618.83 4954.04L5628.75 4936.83L5650.02 4940.08L5644.94 4960.92L5649.3 4965.7L5711.68 4973.15L5754.72 4965.89L5761.25 4949.07L5745.53 4954.23L5744.8 4944.67L5731.02 4942.57L5743.6 4931.29L5753.51 4929.76Z",
A52: "center": [
A53: 5948.27,
A54: 4815.18
A55: ]
A56: },
A57: {
A58: "id": "county_7",
A59: "title": "福岡",
A60: "path": "M3211.81 5787.76L3241.79 5761.95L3245.17 5750.49L3242.27 5743.6L3234.29 5743.8L3232.84 5730.8L3246.38 5729.84L3252.43 5714.36L3272.98 5704.42L3271.05 5696.97L3289.9 5696.39L3295.95 5702.13L3321.1 5700.03L3337.54 5692.38L3354.7 5674.41L3381.3 5683.02L3392.18 5676.52L3435.46 5683.97L3445.86 5695.06L3463.75 5689.71L3471.49 5674.99L3499.54 5660.46L3509.21 5666.39L3491.8 5692.19L3495.91 5710.54L3476.81 5723.92L3482.13 5732.71L3498.09 5730.23L3511.38 5778.58L3545.24 5818.72L3558.78 5813.37L3584.89 5827.89L3581.26 5834.97L3588.52 5850.26L3579.09 5860.19L3582.23 5868.99L3536.05 5871.09L3512.59 5865.93L3490.11 5870.32L3451.18 5896.7L3443.93 5928.24L3432.08 5930.72L3420.71 5943.91L3427.97 5946.97L3434.98 5965.13L3431.59 5977.36L3419.02 5982.33L3416.12 5989.59L3424.82 5993.22L3424.1 6005.07L3444.41 6019.03L3432.8 6045.4L3424.34 6050.18L3387.35 6040.24L3371.15 6028.58L3351.56 6029.35L3347.69 6021.7L3334.88 6049.22L3298.61 6045.98L3259.44 6074.45L3263.79 6094.91L3212.05 6093.38L3223.65 6072.35L3215.92 6057.06L3198.03 6042.15L3198.75 6034.32L3189.8 6030.69L3193.91 6007.18L3208.18 5987.3L3252.91 5960.16L3265.24 5943.72L3277.57 5944.29L3278.06 5901.29L3268.14 5897.27L3250.25 5902.05L3226.31 5920.21L3211.32 5906.64L3192.71 5903.39L3151.6 5882.94L3140 5887.14L3119.2 5882.56L3102.52 5888.67L3038.93 5887.14L3042.55 5874.15L3081.48 5868.03L3094.54 5855.8L3099.13 5845.29L3088.98 5851.02L3085.35 5842.42L3078.82 5839.36L3067.94 5843.95L3062.62 5836.3L3091.4 5829.61L3098.41 5822.35L3095.51 5815.09L3116.06 5809.35L3119.69 5797.69L3133.95 5805.34L3127.91 5812.41L3132.26 5820.44L3152.08 5823.12L3154.74 5836.49L3166.35 5834.97L3170.22 5828.47L3186.18 5829.8L3211.32 5820.44L3214.22 5804.38L3228.01 5799.99L3226.07 5788.52L3211.81 5787.76Z",
A61: "center": [
A62: 3313.725,
A63: 5877.685
A64: ]
A65: },
A66: {
A67: "id": "county_8",
A68: "title": "福島",
A69: "path": "M8247.57 4271.5L8232.57 4286.98L8172.37 4309.73L8162.94 4322.34L8163.91 4331.52L8080.97 4311.64L8067.19 4291.95L8058.97 4300.74L8070.09 4325.59L8043.01 4334.96L8007.71 4361.72L7997.31 4350.82L7969.75 4342.79L7961.77 4320.62L7941.94 4315.84L7923.57 4296.35L7910.27 4295.78L7902.29 4289.47L7906.16 4253.92L7885.61 4254.87L7880.04 4236.91L7855.38 4218.18L7797.59 4199.06L7739.32 4193.71L7706.44 4204.99L7702.09 4222.38L7634.63 4239.01L7628.34 4247.04L7609.24 4250.67L7603.68 4259.08L7588.45 4260.8L7566.2 4274.94L7533.32 4279.53L7516.15 4299.02L7493.42 4307.24L7437.81 4293.48L7425.24 4297.3L7425 4290.23L7430.8 4282.2L7428.14 4256.59L7433.46 4241.68L7423.3 4215.12L7431.77 4190.65L7420.4 4172.88L7403.96 4169.82L7389.69 4154.53L7413.15 4127.77L7417.98 4105.6L7421.37 4082.85L7405.17 4072.15L7418.95 4054.57L7470.94 4049.98L7484.23 4044.44L7500.68 4049.02L7508.41 4026.28L7518.33 4023.22L7529.69 4022.46L7539.12 4028.57L7548.07 4023.99L7578.53 4028.19L7590.14 4023.79L7580.95 4008.12L7583.13 3992.64L7572.97 3972.95L7573.7 3959L7610.69 3939.12L7607.55 3934.54L7624.71 3909.69L7662.92 3877L7682.02 3873.56L7697.25 3886.56L7719.98 3875.48L7734.73 3882.93L7749.96 3881.59L7757.94 3874.9L7781.39 3907.01L7811.14 3898.22L7846.68 3919.63L7864.57 3908.92L7896 3913.89L7928.16 3883.12L7914.86 3875.28L7913.9 3836.87L7921.15 3804.18L7954.76 3816.8L7982.08 3805.9L8009.64 3819.09L8018.59 3839.92L8082.66 3834.76L8102.49 3840.12L8116.03 3848.91L8111.68 3870.7L8118.45 3885.03L8133.68 3894.59L8162.94 3899.75L8166.57 3896.69L8155.2 3889.24L8193.41 3890.38L8196.55 3886.18L8195.82 3844.7L8213.23 3839.54L8229.91 3842.98L8239.1 3867.45L8256.27 3875.67L8257.48 3900.13L8268.12 3914.47L8281.42 4029.72V4092.98L8247.57 4271.5ZM8164.63 4331.9L8165.36 4332.09L8164.63 4331.9Z",
A70: "center": [
A71: 7835.555,
A72: 4082.95
A73: ]
A74: },
A75: {
A76: "id": "county_9",
A77: "title": "岐阜",
A78: "path": "M6079.2 5093.56L6061.79 5080.37L6069.52 5076.36L6070.01 5058.58L6077.75 5048.65L6078.71 5023.03L6092.01 5014.62L6079.2 4998.38L6081.37 4979.26L6066.14 4967.03L6071.94 4950.02L6058.64 4936.45L6051.15 4946.01L6032.29 4940.46L6035.19 4909.88L6019.23 4908.54L6012.94 4888.09L6036.64 4856.75L6036.88 4838.21L6058.64 4829.03L6086.93 4837.06L6112.56 4836.87L6119.82 4846.62L6133.36 4831.9L6153.18 4836.11L6164.79 4827.7L6177.36 4830.95L6188.48 4822.54L6198.4 4832.47L6225.72 4823.11L6258.36 4823.49L6262.47 4808.58L6277.46 4799.79L6270.21 4776.47L6254.73 4766.53L6257.64 4757.17L6238.54 4751.82L6239.74 4741.69L6227.9 4734.61L6233.7 4708.05L6245.79 4700.98L6240.71 4691.61L6252.8 4670.78L6247.24 4656.63L6261.99 4652.24L6284.72 4620.32L6283.75 4612.86L6265.37 4604.64L6259.33 4593.56L6273.35 4592.03L6280.36 4571.77L6298.98 4561.07L6305.03 4572.34L6313.49 4565.46L6335.73 4575.21L6343.96 4589.93L6337.67 4603.88L6345.89 4605.41L6379.5 4582.09L6385.54 4560.11L6435.84 4521.5L6449.13 4521.12L6455.18 4529.53L6490.48 4516.34L6504.75 4517.3L6505.71 4534.12L6510.79 4534.88L6543.43 4519.59L6550.2 4534.5L6577.52 4541.19L6594.69 4534.69L6615 4550.36L6637.73 4551.7L6640.87 4561.45L6665.78 4574.06L6667.95 4584.19L6665.78 4599.1L6632.17 4633.7L6641.36 4644.21L6640.15 4654.15L6622.01 4667.72L6621.77 4683.2L6632.89 4692.76L6650.3 4697.54L6640.87 4727.54L6616.69 4742.07L6607.75 4759.65L6597.11 4761.56L6584.54 4781.82L6574.38 4783.16L6566.4 4776.86L6538.6 4783.54L6530.13 4803.8L6515.87 4808.58L6513.21 4818.9L6520.22 4826.36L6545.37 4826.55L6546.58 4836.3L6576.32 4843.37L6595.66 4877.58L6614.52 4890.96L6604.12 4915.43L6613.55 4924.03L6611.86 4945.05L6619.35 4955.56L6645.23 4949.45L6659.01 4959.77V4977.16L6643.29 4990.54L6660.46 5009.27L6639.42 5014.81L6645.71 5039.09L6625.4 5051.51L6625.64 5061.64L6606.3 5063.17L6564.71 5089.93L6540.77 5080.56L6541.26 5074.45L6520.95 5073.68L6522.64 5069.1L6504.5 5059.92L6489.27 5060.3L6467.03 5074.26L6446.47 5077.51L6433.9 5063.94L6411.17 5056.48L6403.92 5060.5L6396.18 5057.63L6389.65 5051.51L6391.83 5042.15L6379.98 5038.32L6380.71 5025.9L6352.18 5009.27L6352.66 4998.57L6316.63 5019.98L6276.5 5029.53L6245.79 5026.67L6204.93 5083.62L6199.61 5125.48L6173.49 5123.19L6132.63 5075.4L6079.2 5093.56Z",
A79: "center": [
A80: 6340.445,
A81: 4820.91
A82: ]
A83: },
A84: {
A85: "id": "county_10",
A86: "title": "群馬",
A87: "path": "M7625.21 4630.45L7617.71 4641.53L7605.86 4644.97L7593.29 4635.8L7531.88 4644.97L7488.11 4619.36L7467.32 4623.38L7443.86 4617.83L7429.36 4620.7L7388.49 4604.26L7371.57 4603.31L7341.83 4640.96L7341.34 4658.73L7331.19 4673.26L7294.2 4674.6L7283.07 4689.51L7246.32 4697.15L7224.08 4716.46L7194.34 4716.84L7176.2 4736.14L7167.5 4737.86L7158.79 4727.93L7144.04 4724.29L7134.86 4690.46L7142.84 4683.77L7136.07 4670.97L7120.35 4669.44L7109.71 4654.91L7113.58 4651.66L7124.7 4657.97L7135.58 4648.8L7136.31 4633.31L7126.15 4624.9L7120.59 4603.69L7145.49 4590.69L7147.19 4562.4L7140.18 4540.42L7120.11 4535.65L7103.18 4537.56L7092.54 4545.2L7071.27 4540.42L7066.19 4546.35L7055.79 4545.01L7025.57 4530.87L7024.12 4506.02L7038.62 4474.29L7038.14 4455.37L7061.35 4432.82L7084.56 4429.76L7084.81 4408.93L7128.09 4402.04L7165.56 4386.18L7171.61 4389.43L7180.31 4377.39L7209.33 4385.8L7228.43 4372.99L7226.01 4353.88L7241.49 4354.45L7277.51 4342.6L7271.47 4334.19L7278.48 4316.03L7299.03 4318.14L7301.21 4313.17L7294.68 4276.28L7334.33 4270.93L7354.16 4256.98L7357.06 4238.82L7394.3 4268.44L7396.96 4282.97L7419.2 4284.31L7424.76 4290.81L7425 4297.88L7437.58 4294.05L7493.19 4307.63L7479.17 4337.06L7503.83 4345.47L7479.17 4372.42L7485.94 4394.78L7471.67 4411.79L7467.32 4437.98L7502.86 4452.12L7532.6 4450.78L7540.82 4463.78L7521 4476.2L7511.32 4499.14L7519.3 4513.67L7490.53 4543.29L7486.18 4561.64L7511.57 4576.55L7510.6 4587.63L7537.44 4606.17L7561.86 4600.63L7579.02 4608.85L7605.86 4605.41L7615.05 4610L7612.88 4615.35L7625.21 4630.45Z",
A88: "center": [
A89: 7324.665,
A90: 4488.34
A91: ]
A92: },
A93: {
A94: "id": "county_11",
A95: "title": "兵庫",
A96: "path": "M5148.06 5299.79L5121.7 5316.99L5092.45 5312.79L5079.39 5286.6L5053.28 5268.25L5048.92 5259.27L5065.85 5234.23L5049.41 5217.99L5057.87 5211.87L5061.5 5194.48L5056.66 5183.2L5078.91 5172.88L5080.36 5155.1L5094.62 5150.33L5100.43 5129.3L5106.23 5124.33L5122.43 5125.67L5124.36 5110.76L5109.13 5098.15L5119.77 5082.86L5133.79 5087.83L5173.45 5065.85L5167.16 5043.67L5170.79 5035.46L5153.14 5017.11L5155.31 4996.46L5137.66 4989.97L5125.81 4954.03L5128.72 4934.54L5119.53 4919.82L5102.84 4909.88L5154.34 4897.27L5183.84 4883.12L5212.86 4889.05L5223.01 4898.03L5242.84 4885.23L5276.21 4889.05L5307.16 4883.51L5318.04 4889.81L5341.73 4888.67L5342.22 4927.28L5363.01 4942.57L5368.09 4954.22L5385.5 4957.66L5417.65 4945.05L5425.39 4955.37V5005.64L5403.39 5015.58L5375.82 5005.07L5366.88 5024.18L5367.36 5048.45L5403.39 5060.11L5435.3 5081.71L5453.68 5072.92L5478.34 5073.3L5478.83 5088.21L5499.62 5103.88L5493.58 5114.39L5506.87 5118.98L5517.27 5112.1L5536.86 5112.86L5542.18 5114.01L5543.14 5127.96L5563.7 5124.52L5587.15 5133.89L5594.16 5157.97L5584.97 5161.99L5580.86 5172.31L5570.47 5171.35L5563.45 5177.28L5573.13 5181.86L5575.06 5200.4L5569.26 5207.28L5603.11 5222.77L5626.32 5225.44L5604.32 5235.19L5614.71 5239.97L5603.35 5278.96L5621.24 5302.66L5624.87 5329.99L5611.81 5353.12L5601.17 5346.81L5604.56 5337.83L5598.51 5327.89L5576.27 5334L5566.11 5322.54L5542.66 5320.05L5494.79 5338.02L5492.37 5351.02L5429.99 5363.25L5326.74 5330.37L5286.36 5298.84L5148.06 5299.79ZM5375.34 5511.57L5380.66 5526.28L5330.85 5542.34L5307.16 5558.01L5274.76 5561.64L5274.51 5553.04L5260.25 5547.12L5261.7 5537.56L5251.3 5534.5L5238.25 5515.2L5254.45 5496.85L5263.63 5501.44L5275 5496.85L5307.16 5442.95L5316.83 5434.16L5326.74 5434.35L5349.71 5405.68L5372.68 5397.46L5391.3 5376.05L5404.6 5370.51L5415.24 5386.37L5400.73 5400.14L5397.1 5414.85L5354.06 5459.39L5353.82 5488.82L5375.34 5511.57Z",
A97: "center": [
A98: 5337.62,
A99: 5222.38
A100: ]
...

Sheet Sheet3
A1: county_id | B1: title | C1: C01 | D1: C02 | E1: C03 | F1: C04 | G1: C05 | H1: C06 | I1: C07 | J1: C08 | K1: C09 | L1: C10 | M1: C11 | N1: C12 | O1: C13 | P1: C14 | Q1: C15 | R1: C16 | S1: C17 | T1: C18 | U1: C19 | V1: C20 | W1: C21 | X1: C22 | Y1: C23 | Z1: C24 | AA1: C25 | AB1: C26 | AC1: C27 | AD1: C28 | AE1: C29 | AF1: C30 | AG1: C31 | AH1: C32
A2: county_1 | B2: 愛知 | C2: {=COUNTIFS(Sheet1!$A:$A,C$1,Sheet1!$D:$D,_xlfn.SWITCH($B2,"廣島","広島","鹿兒島","鹿児島","沖繩","沖縄","崎玉","埼玉","靜岡","静岡","櫪木","栃木","德島","徳島",$B2)&"*")} -> 0 | D2: {=COUNTIFS(Sheet1!$A:$A,D$1,Sheet1!$D:$D,_xlfn.SWITCH($B2,"廣島","広島","鹿兒島","鹿児島","沖繩","沖縄","崎玉","埼玉","靜岡","静岡","櫪木","栃木","德島","徳島",$B2)&"*")} -> 0 | E2: {=COUNTIFS(Sheet1!$A:$A,E$1,Sheet1!$D:$D,_xlfn.SWITCH($B2,"廣島","広島","鹿兒島","鹿児島","沖繩","沖縄","崎玉","埼玉","靜岡","静岡","櫪木","栃木","德島","徳島",$B2)&"*")} -> 0 | F2: {=COUNTIFS(Sheet1!$A:$A,F$1,Sheet1!$D:$D,_xlfn.SWITCH($B2,"廣島","広島","鹿兒島","鹿児島","沖繩","沖縄","崎玉","埼玉","靜岡","静岡","櫪木","栃木","德島","徳島",$B2)&"*")} -> 0 | G2: {=COUNTIFS(Sheet1!$A:$A,G$1,Sheet1!$D:$D,_xlfn.SWITCH($B2,"廣島","広島","鹿兒島","鹿児島","沖繩","沖縄","崎玉","埼玉","靜岡","静岡","櫪木","栃木","德島","徳島",$B2)&"*")} -> 4 | H2: {=COUNTIFS(Sheet1!$A:$A,H$1,Sheet1!$D:$D,_xlfn.SWITCH($B2,"廣島","広島","鹿兒島","鹿児島","沖繩","沖縄","崎玉","埼玉","靜岡","静岡","櫪木","栃木","德島","徳島",$B2)&"*")} -> 0 | I2: {=COUNTIFS(Sheet1!$A:$A,I$1,Sheet1!$D:$D,_xlfn.SWITCH($B2,"廣島","広島","鹿兒島","鹿児島","沖繩","沖縄","崎玉","埼玉","靜岡","静岡","櫪木","栃木","德島","徳島",$B2)&"*")} -> 2 | J2: {=COUNTIFS(Sheet1!$A:$A,J$1,Sheet1!$D:$D,_xlfn.SWITCH($B2,"廣島","広島","鹿兒島","鹿児島","沖繩","沖縄","崎玉","埼玉","靜岡","静岡","櫪木","栃木","德島","徳島",$B2)&"*")} -> 0 | ... AH2: {=COUNTIFS(Sheet1!$A:$A,AH$1,Sheet1!$D:$D,_xlfn.SWITCH($B2,"廣島","広島","鹿兒島","鹿児島","沖繩","沖縄","崎玉","埼玉","靜岡","静岡","櫪木","栃木","德島","徳島",$B2)&"*")} -> 0
A3: county_2 | B3: 秋田 | C3: {=COUNTIFS(Sheet1!$A:$A,C$1,Sheet1!$D:$D,_xlfn.SWITCH($B3,"廣島","広島","鹿兒島","鹿児島","沖繩","沖縄","崎玉","埼玉","靜岡","静岡","櫪木","栃木","德島","徳島",$B3)&"*")} -> 6 | D3: {=COUNTIFS(Sheet1!$A:$A,D$1,Sheet1!$D:$D,_xlfn.SWITCH($B3,"廣島","広島","鹿兒島","鹿児島","沖繩","沖縄","崎玉","埼玉","靜岡","静岡","櫪木","栃木","德島","徳島",$B3)&"*")} -> 6 | E3: {=COUNTIFS(Sheet1!$A:$A,E$1,Sheet1!$D:$D,_xlfn.SWITCH($B3,"廣島","広島","鹿兒島","鹿児島","沖繩","沖縄","崎玉","埼玉","靜岡","静岡","櫪木","栃木","德島","徳島",$B3)&"*")} -> 0 | F3: {=COUNTIFS(Sheet1!$A:$A,F$1,Sheet1!$D:$D,_xlfn.SWITCH($B3,"廣島","広島","鹿兒島","鹿児島","沖繩","沖縄","崎玉","埼玉","靜岡","静岡","櫪木","栃木","德島","徳島",$B3)&"*")} -> 0 | G3: {=COUNTIFS(Sheet1!$A:$A,G$1,Sheet1!$D:$D,_xlfn.SWITCH($B3,"廣島","広島","鹿兒島","鹿児島","沖繩","沖縄","崎玉","埼玉","靜岡","静岡","櫪木","栃木","德島","徳島",$B3)&"*")} -> 0 | H3: {=COUNTIFS(Sheet1!$A:$A,H$1,Sheet1!$D:$D,_xlfn.SWITCH($B3,"廣島","広島","鹿兒島","鹿児島","沖繩","沖縄","崎玉","埼玉","靜岡","静岡","櫪木","栃木","德島","徳島",$B3)&"*")} -> 0 | I3: {=COUNTIFS(Sheet1!$A:$A,I$1,Sheet1!$D:$D,_xlfn.SWITCH($B3,"廣島","広島","鹿兒島","鹿児島","沖繩","沖縄","崎玉","埼玉","靜岡","静岡","櫪木","栃木","德島","徳島",$B3)&"*")} -> 0 | J3: {=COUNTIFS(Sheet1!$A:$A,J$1,Sheet1!$D:$D,_xlfn.SWITCH($B3,"廣島","広島","鹿兒島","鹿児島","沖繩","沖縄","崎玉","埼玉","靜岡","静岡","櫪木","栃木","德島","徳島",$B3)&"*")} -> 0 | ... AH3: {=COUNTIFS(Sheet1!$A:$A,AH$1,Sheet1!$D:$D,_xlfn.SWITCH($B3,"廣島","広島","鹿兒島","鹿児島","沖繩","沖縄","崎玉","埼玉","靜岡","静岡","櫪木","栃木","德島","徳島",$B3)&"*")} -> 0
A4: county_3 | B4: 青森 | C4: {=COUNTIFS(Sheet1!$A:$A,C$1,Sheet1!$D:$D,_xlfn.SWITCH($B4,"廣島","広島","鹿兒島","鹿児島","沖繩","沖縄","崎玉","埼玉","靜岡","静岡","櫪木","栃木","德島","徳島",$B4)&"*")} -> 0 | D4: {=COUNTIFS(Sheet1!$A:$A,D$1,Sheet1!$D:$D,_xlfn.SWITCH($B4,"廣島","広島","鹿兒島","鹿児島","沖繩","沖縄","崎玉","埼玉","靜岡","静岡","櫪木","栃木","德島","徳島",$B4)&"*")} -> 0 | E4: {=COUNTIFS(Sheet1!$A:$A,E$1,Sheet1!$D:$D,_xlfn.SWITCH($B4,"廣島","広島","鹿兒島","鹿児島","沖繩","沖縄","崎玉","埼玉","靜岡","静岡","櫪木","栃木","德島","徳島",$B4)&"*")} -> 0 | F4: {=COUNTIFS(Sheet1!$A:$A,F$1,Sheet1!$D:$D,_xlfn.SWITCH($B4,"廣島","広島","鹿兒島","鹿児島","沖繩","沖縄","崎玉","埼玉","靜岡","静岡","櫪木","栃木","德島","徳島",$B4)&"*")} -> 2 | G4: {=COUNTIFS(Sheet1!$A:$A,G$1,Sheet1!$D:$D,_xlfn.SWITCH($B4,"廣島","広島","鹿兒島","鹿児島","沖繩","沖縄","崎玉","埼玉","靜岡","静岡","櫪木","栃木","德島","徳島",$B4)&"*")} -> 0 | H4: {=COUNTIFS(Sheet1!$A:$A,H$1,Sheet1!$D:$D,_xlfn.SWITCH($B4,"廣島","広島","鹿兒島","鹿児島","沖繩","沖縄","崎玉","埼玉","靜岡","静岡","櫪木","栃木","德島","徳島",$B4)&"*")} -> 2 | I4: {=COUNTIFS(Sheet1!$A:$A,I$1,Sheet1!$D:$D,_xlfn.SWITCH($B4,"廣島","広島","鹿兒島","鹿児島","沖繩","沖縄","崎玉","埼玉","靜岡","静岡","櫪木","栃木","德島","徳島",$B4)&"*")} -> 0 | J4: {=COUNTIFS(Sheet1!$A:$A,J$1,Sheet1!$D:$D,_xlfn.SWITCH($B4,"廣島","広島","鹿兒島","鹿児島","沖繩","沖縄","崎玉","埼玉","靜岡","静岡","櫪木","栃木","德島","徳島",$B4)&"*")} -> 0 | ... AH4: {=COUNTIFS(Sheet1!$A:$A,AH$1,Sheet1!$D:$D,_xlfn.SWITCH($B4,"廣島","広島","鹿兒島","鹿児島","沖繩","沖縄","崎玉","埼玉","靜岡","静岡","櫪木","栃木","德島","徳島",$B4)&"*")} -> 0
A5: county_4 | B5: 千葉 | C5: {=COUNTIFS(Sheet1!$A:$A,C$1,Sheet1!$D:$D,_xlfn.SWITCH($B5,"廣島","広島","鹿兒島","鹿児島","沖繩","沖縄","崎玉","埼玉","靜岡","静岡","櫪木","栃木","德島","徳島",$B5)&"*")} -> 2 | D5: {=COUNTIFS(Sheet1!$A:$A,D$1,Sheet1!$D:$D,_xlfn.SWITCH($B5,"廣島","広島","鹿兒島","鹿児島","沖繩","沖縄","崎玉","埼玉","靜岡","静岡","櫪木","栃木","德島","徳島",$B5)&"*")} -> 0 | E5: {=COUNTIFS(Sheet1!$A:$A,E$1,Sheet1!$D:$D,_xlfn.SWITCH($B5,"廣島","広島","鹿兒島","鹿児島","沖繩","沖縄","崎玉","埼玉","靜岡","静岡","櫪木","栃木","德島","徳島",$B5)&"*")} -> 6 | F5: {=COUNTIFS(Sheet1!$A:$A,F$1,Sheet1!$D:$D,_xlfn.SWITCH($B5,"廣島","広島","鹿兒島","鹿児島","沖繩","沖縄","崎玉","埼玉","靜岡","静岡","櫪木","栃木","德島","徳島",$B5)&"*")} -> 0 | G5: {=COUNTIFS(Sheet1!$A:$A,G$1,Sheet1!$D:$D,_xlfn.SWITCH($B5,"廣島","広島","鹿兒島","鹿児島","沖繩","沖縄","崎玉","埼玉","靜岡","静岡","櫪木","栃木","德島","徳島",$B5)&"*")} -> 7 | H5: {=COUNTIFS(Sheet1!$A:$A,H$1,Sheet1!$D:$D,_xlfn.SWITCH($B5,"廣島","広島","鹿兒島","鹿児島","沖繩","沖縄","崎玉","埼玉","靜岡","静岡","櫪木","栃木","德島","徳島",$B5)&"*")} -> 0 | I5: {=COUNTIFS(Sheet1!$A:$A,I$1,Sheet1!$D:$D,_xlfn.SWITCH($B5,"廣島","広島","鹿兒島","鹿児島","沖繩","沖縄","崎玉","埼玉","靜岡","静岡","櫪木","栃木","德島","徳島",$B5)&"*")} -> 0 | J5: {=COUNTIFS(Sheet1!$A:$A,J$1,Sheet1!$D:$D,_xlfn.SWITCH($B5,"廣島","広島","鹿兒島","鹿児島","沖繩","沖縄","崎玉","埼玉","靜岡","静岡","櫪木","栃木","德島","徳島",$B5)&"*")} -> 0 | ... AH5: {=COUNTIFS(Sheet1!$A:$A,AH$1,Sheet1!$D:$D,_xlfn.SWITCH($B5,"廣島","広島","鹿兒島","鹿児島","沖繩","沖縄","崎玉","埼玉","靜岡","静岡","櫪木","栃木","德島","徳島",$B5)&"*")} -> 0
A6: county_5 | B6: 愛媛 | C6: {=COUNTIFS(Sheet1!$A:$A,C$1,Sheet1!$D:$D,_xlfn.SWITCH($B6,"廣島","広島","鹿兒島","鹿児島","沖繩","沖縄","崎玉","埼玉","靜岡","静岡","櫪木","栃木","德島","徳島",$B6)&"*")} -> 0 | D6: {=COUNTIFS(Sheet1!$A:$A,D$1,Sheet1!$D:$D,_xlfn.SWITCH($B6,"廣島","広島","鹿兒島","鹿児島","沖繩","沖縄","崎玉","埼玉","靜岡","静岡","櫪木","栃木","德島","徳島",$B6)&"*")} -> 0 | E6: {=COUNTIFS(Sheet1!$A:$A,E$1,Sheet1!$D:$D,_xlfn.SWITCH($B6,"廣島","広島","鹿兒島","鹿児島","沖繩","沖縄","崎玉","埼玉","靜岡","静岡","櫪木","栃木","德島","徳島",$B6)&"*")} -> 0 | F6: {=COUNTIFS(Sheet1!$A:$A,F$1,Sheet1!$D:$D,_xlfn.SWITCH($B6,"廣島","広島","鹿兒島","鹿児島","沖繩","沖縄","崎玉","埼玉","靜岡","静岡","櫪木","栃木","德島","徳島",$B6)&"*")} -> 0 | G6: {=COUNTIFS(Sheet1!$A:$A,G$1,Sheet1!$D:$D,_xlfn.SWITCH($B6,"廣島","広島","鹿兒島","鹿児島","沖繩","沖縄","崎玉","埼玉","靜岡","静岡","櫪木","栃木","德島","徳島",$B6)&"*")} -> 0 | H6: {=COUNTIFS(Sheet1!$A:$A,H$1,Sheet1!$D:$D,_xlfn.SWITCH($B6,"廣島","広島","鹿兒島","鹿児島","沖繩","沖縄","崎玉","埼玉","靜岡","静岡","櫪木","栃木","德島","徳島",$B6)&"*")} -> 0 | I6: {=COUNTIFS(Sheet1!$A:$A,I$1,Sheet1!$D:$D,_xlfn.SWITCH($B6,"廣島","広島","鹿兒島","鹿児島","沖繩","沖縄","崎玉","埼玉","靜岡","静岡","櫪木","栃木","德島","徳島",$B6)&"*")} -> 0 | J6: {=COUNTIFS(Sheet1!$A:$A,J$1,Sheet1!$D:$D,_xlfn.SWITCH($B6,"廣島","広島","鹿兒島","鹿児島","沖繩","沖縄","崎玉","埼玉","靜岡","静岡","櫪木","栃木","德島","徳島",$B6)&"*")} -> 1 | ... AH6: {=COUNTIFS(Sheet1!$A:$A,AH$1,Sheet1!$D:$D,_xlfn.SWITCH($B6,"廣島","広島","鹿兒島","鹿児島","沖繩","沖縄","崎玉","埼玉","靜岡","静岡","櫪木","栃木","德島","徳島",$B6)&"*")} -> 0
A7: county_6 | B7: 福井 | C7: {=COUNTIFS(Sheet1!$A:$A,C$1,Sheet1!$D:$D,_xlfn.SWITCH($B7,"廣島","広島","鹿兒島","鹿児島","沖繩","沖縄","崎玉","埼玉","靜岡","静岡","櫪木","栃木","德島","徳島",$B7)&"*")} -> 0 | D7: {=COUNTIFS(Sheet1!$A:$A,D$1,Sheet1!$D:$D,_xlfn.SWITCH($B7,"廣島","広島","鹿兒島","鹿児島","沖繩","沖縄","崎玉","埼玉","靜岡","静岡","櫪木","栃木","德島","徳島",$B7)&"*")} -> 0 | E7: {=COUNTIFS(Sheet1!$A:$A,E$1,Sheet1!$D:$D,_xlfn.SWITCH($B7,"廣島","広島","鹿兒島","鹿児島","沖繩","沖縄","崎玉","埼玉","靜岡","静岡","櫪木","栃木","德島","徳島",$B7)&"*")} -> 0 | F7: {=COUNTIFS(Sheet1!$A:$A,F$1,Sheet1!$D:$D,_xlfn.SWITCH($B7,"廣島","広島","鹿兒島","鹿児島","沖繩","沖縄","崎玉","埼玉","靜岡","静岡","櫪木","栃木","德島","徳島",$B7)&"*")} -> 0 | G7: {=COUNTIFS(Sheet1!$A:$A,G$1,Sheet1!$D:$D,_xlfn.SWITCH($B7,"廣島","広島","鹿兒島","鹿児島","沖繩","沖縄","崎玉","埼玉","靜岡","静岡","櫪木","栃木","德島","徳島",$B7)&"*")} -> 0 | H7: {=COUNTIFS(Sheet1!$A:$A,H$1,Sheet1!$D:$D,_xlfn.SWITCH($B7,"廣島","広島","鹿兒島","鹿児島","沖繩","沖縄","崎玉","埼玉","靜岡","静岡","櫪木","栃木","德島","徳島",$B7)&"*")} -> 0 | I7: {=COUNTIFS(Sheet1!$A:$A,I$1,Sheet1!$D:$D,_xlfn.SWITCH($B7,"廣島","広島","鹿兒島","鹿児島","沖繩","沖縄","崎玉","埼玉","靜岡","静岡","櫪木","栃木","德島","徳島",$B7)&"*")} -> 0 | J7: {=COUNTIFS(Sheet1!$A:$A,J$1,Sheet1!$D:$D,_xlfn.SWITCH($B7,"廣島","広島","鹿兒島","鹿児島","沖繩","沖縄","崎玉","埼玉","靜岡","静岡","櫪木","栃木","德島","徳島",$B7)&"*")} -> 0 | ... AH7: {=COUNTIFS(Sheet1!$A:$A,AH$1,Sheet1!$D:$D,_xlfn.SWITCH($B7,"廣島","広島","鹿兒島","鹿児島","沖繩","沖縄","崎玉","埼玉","靜岡","静岡","櫪木","栃木","德島","徳島",$B7)&"*")} -> 0
A8: county_7 | B8: 福岡 | C8: {=COUNTIFS(Sheet1!$A:$A,C$1,Sheet1!$D:$D,_xlfn.SWITCH($B8,"廣島","広島","鹿兒島","鹿児島","沖繩","沖縄","崎玉","埼玉","靜岡","静岡","櫪木","栃木","德島","徳島",$B8)&"*")} -> 5 | D8: {=COUNTIFS(Sheet1!$A:$A,D$1,Sheet1!$D:$D,_xlfn.SWITCH($B8,"廣島","広島","鹿兒島","鹿児島","沖繩","沖縄","崎玉","埼玉","靜岡","静岡","櫪木","栃木","德島","徳島",$B8)&"*")} -> 0 | E8: {=COUNTIFS(Sheet1!$A:$A,E$1,Sheet1!$D:$D,_xlfn.SWITCH($B8,"廣島","広島","鹿兒島","鹿児島","沖繩","沖縄","崎玉","埼玉","靜岡","静岡","櫪木","栃木","德島","徳島",$B8)&"*")} -> 2 | F8: {=COUNTIFS(Sheet1!$A:$A,F$1,Sheet1!$D:$D,_xlfn.SWITCH($B8,"廣島","広島","鹿兒島","鹿児島","沖繩","沖縄","崎玉","埼玉","靜岡","静岡","櫪木","栃木","德島","徳島",$B8)&"*")} -> 2 | G8: {=COUNTIFS(Sheet1!$A:$A,G$1,Sheet1!$D:$D,_xlfn.SWITCH($B8,"廣島","広島","鹿兒島","鹿児島","沖繩","沖縄","崎玉","埼玉","靜岡","静岡","櫪木","栃木","德島","徳島",$B8)&"*")} -> 4 | H8: {=COUNTIFS(Sheet1!$A:$A,H$1,Sheet1!$D:$D,_xlfn.SWITCH($B8,"廣島","広島","鹿兒島","鹿児島","沖繩","沖縄","崎玉","埼玉","靜岡","静岡","櫪木","栃木","德島","徳島",$B8)&"*")} -> 0 | I8: {=COUNTIFS(Sheet1!$A:$A,I$1,Sheet1!$D:$D,_xlfn.SWITCH($B8,"廣島","広島","鹿兒島","鹿児島","沖繩","沖縄","崎玉","埼玉","靜岡","静岡","櫪木","栃木","德島","徳島",$B8)&"*")} -> 4 | J8: {=COUNTIFS(Sheet1!$A:$A,J$1,Sheet1!$D:$D,_xlfn.SWITCH($B8,"廣島","広島","鹿兒島","鹿児島","沖繩","沖縄","崎玉","埼玉","靜岡","静岡","櫪木","栃木","德島","徳島",$B8)&"*")} -> 19 | ... AH8: {=COUNTIFS(Sheet1!$A:$A,AH$1,Sheet1!$D:$D,_xlfn.SWITCH($B8,"廣島","広島","鹿兒島","鹿児島","沖繩","沖縄","崎玉","埼玉","靜岡","静岡","櫪木","栃木","德島","徳島",$B8)&"*")} -> 9
A9: county_8 | B9: 福島 | C9: {=COUNTIFS(Sheet1!$A:$A,C$1,Sheet1!$D:$D,_xlfn.SWITCH($B9,"廣島","広島","鹿兒島","鹿児島","沖繩","沖縄","崎玉","埼玉","靜岡","静岡","櫪木","栃木","德島","徳島",$B9)&"*")} -> 0 | D9: {=COUNTIFS(Sheet1!$A:$A,D$1,Sheet1!$D:$D,_xlfn.SWITCH($B9,"廣島","広島","鹿兒島","鹿児島","沖繩","沖縄","崎玉","埼玉","靜岡","静岡","櫪木","栃木","德島","徳島",$B9)&"*")} -> 0 | E9: {=COUNTIFS(Sheet1!$A:$A,E$1,Sheet1!$D:$D,_xlfn.SWITCH($B9,"廣島","広島","鹿兒島","鹿児島","沖繩","沖縄","崎玉","埼玉","靜岡","静岡","櫪木","栃木","德島","徳島",$B9)&"*")} -> 0 | F9: {=COUNTIFS(Sheet1!$A:$A,F$1,Sheet1!$D:$D,_xlfn.SWITCH($B9,"廣島","広島","鹿兒島","鹿児島","沖繩","沖縄","崎玉","埼玉","靜岡","静岡","櫪木","栃木","德島","徳島",$B9)&"*")} -> 0 | G9: {=COUNTIFS(Sheet1!$A:$A,G$1,Sheet1!$D:$D,_xlfn.SWITCH($B9,"廣島","広島","鹿兒島","鹿児島","沖繩","沖縄","崎玉","埼玉","靜岡","静岡","櫪木","栃木","德島","徳島",$B9)&"*")} -> 0 | H9: {=COUNTIFS(Sheet1!$A:$A,H$1,Sheet1!$D:$D,_xlfn.SWITCH($B9,"廣島","広島","鹿兒島","鹿児島","沖繩","沖縄","崎玉","埼玉","靜岡","静岡","櫪木","栃木","德島","徳島",$B9)&"*")} -> 0 | I9: {=COUNTIFS(Sheet1!$A:$A,I$1,Sheet1!$D:$D,_xlfn.SWITCH($B9,"廣島","広島","鹿兒島","鹿児島","沖繩","沖縄","崎玉","埼玉","靜岡","静岡","櫪木","栃木","德島","徳島",$B9)&"*")} -> 0 | J9: {=COUNTIFS(Sheet1!$A:$A,J$1,Sheet1!$D:$D,_xlfn.SWITCH($B9,"廣島","広島","鹿兒島","鹿児島","沖繩","沖縄","崎玉","埼玉","靜岡","静岡","櫪木","栃木","德島","徳島",$B9)&"*")} -> 0 | ... AH9: {=COUNTIFS(Sheet1!$A:$A,AH$1,Sheet1!$D:$D,_xlfn.SWITCH($B9,"廣島","広島","鹿兒島","鹿児島","沖繩","沖縄","崎玉","埼玉","靜岡","静岡","櫪木","栃木","德島","徳島",$B9)&"*")} -> 0
A10: county_9 | B10: 岐阜 | C10: {=COUNTIFS(Sheet1!$A:$A,C$1,Sheet1!$D:$D,_xlfn.SWITCH($B10,"廣島","広島","鹿兒島","鹿児島","沖繩","沖縄","崎玉","埼玉","靜岡","静岡","櫪木","栃木","德島","徳島",$B10)&"*")} -> 0 | D10: {=COUNTIFS(Sheet1!$A:$A,D$1,Sheet1!$D:$D,_xlfn.SWITCH($B10,"廣島","広島","鹿兒島","鹿児島","沖繩","沖縄","崎玉","埼玉","靜岡","静岡","櫪木","栃木","德島","徳島",$B10)&"*")} -> 0 | E10: {=COUNTIFS(Sheet1!$A:$A,E$1,Sheet1!$D:$D,_xlfn.SWITCH($B10,"廣島","広島","鹿兒島","鹿児島","沖繩","沖縄","崎玉","埼玉","靜岡","静岡","櫪木","栃木","德島","徳島",$B10)&"*")} -> 1 | F10: {=COUNTIFS(Sheet1!$A:$A,F$1,Sheet1!$D:$D,_xlfn.SWITCH($B10,"廣島","広島","鹿兒島","鹿児島","沖繩","沖縄","崎玉","埼玉","靜岡","静岡","櫪木","栃木","德島","徳島",$B10)&"*")} -> 10 | G10: {=COUNTIFS(Sheet1!$A:$A,G$1,Sheet1!$D:$D,_xlfn.SWITCH($B10,"廣島","広島","鹿兒島","鹿児島","沖繩","沖縄","崎玉","埼玉","靜岡","静岡","櫪木","栃木","德島","徳島",$B10)&"*")} -> 2 | H10: {=COUNTIFS(Sheet1!$A:$A,H$1,Sheet1!$D:$D,_xlfn.SWITCH($B10,"廣島","広島","鹿兒島","鹿児島","沖繩","沖縄","崎玉","埼玉","靜岡","静岡","櫪木","栃木","德島","徳島",$B10)&"*")} -> 0 | I10: {=COUNTIFS(Sheet1!$A:$A,I$1,Sheet1!$D:$D,_xlfn.SWITCH($B10,"廣島","広島","鹿兒島","鹿児島","沖繩","沖縄","崎玉","埼玉","靜岡","静岡","櫪木","栃木","德島","徳島",$B10)&"*")} -> 6 | J10: {=COUNTIFS(Sheet1!$A:$A,J$1,Sheet1!$D:$D,_xlfn.SWITCH($B10,"廣島","広島","鹿兒島","鹿児島","沖繩","沖縄","崎玉","埼玉","靜岡","静岡","櫪木","栃木","德島","徳島",$B10)&"*")} -> 0 | ... AH10: {=COUNTIFS(Sheet1!$A:$A,AH$1,Sheet1!$D:$D,_xlfn.SWITCH($B10,"廣島","広島","鹿兒島","鹿児島","沖繩","沖縄","崎玉","埼玉","靜岡","静岡","櫪木","栃木","德島","徳島",$B10)&"*")} -> 0
A11: county_10 | B11: 群馬 | C11: {=COUNTIFS(Sheet1!$A:$A,C$1,Sheet1!$D:$D,_xlfn.SWITCH($B11,"廣島","広島","鹿兒島","鹿児島","沖繩","沖縄","崎玉","埼玉","靜岡","静岡","櫪木","栃木","德島","徳島",$B11)&"*")} -> 0 | D11: {=COUNTIFS(Sheet1!$A:$A,D$1,Sheet1!$D:$D,_xlfn.SWITCH($B11,"廣島","広島","鹿兒島","鹿児島","沖繩","沖縄","崎玉","埼玉","靜岡","静岡","櫪木","栃木","德島","徳島",$B11)&"*")} -> 0 | E11: {=COUNTIFS(Sheet1!$A:$A,E$1,Sheet1!$D:$D,_xlfn.SWITCH($B11,"廣島","広島","鹿兒島","鹿児島","沖繩","沖縄","崎玉","埼玉","靜岡","静岡","櫪木","栃木","德島","徳島",$B11)&"*")} -> 0 | F11: {=COUNTIFS(Sheet1!$A:$A,F$1,Sheet1!$D:$D,_xlfn.SWITCH($B11,"廣島","広島","鹿兒島","鹿児島","沖繩","沖縄","崎玉","埼玉","靜岡","静岡","櫪木","栃木","德島","徳島",$B11)&"*")} -> 0 | G11: {=COUNTIFS(Sheet1!$A:$A,G$1,Sheet1!$D:$D,_xlfn.SWITCH($B11,"廣島","広島","鹿兒島","鹿児島","沖繩","沖縄","崎玉","埼玉","靜岡","静岡","櫪木","栃木","德島","徳島",$B11)&"*")} -> 0 | H11: {=COUNTIFS(Sheet1!$A:$A,H$1,Sheet1!$D:$D,_xlfn.SWITCH($B11,"廣島","広島","鹿兒島","鹿児島","沖繩","沖縄","崎玉","埼玉","靜岡","静岡","櫪木","栃木","德島","徳島",$B11)&"*")} -> 0 | I11: {=COUNTIFS(Sheet1!$A:$A,I$1,Sheet1!$D:$D,_xlfn.SWITCH($B11,"廣島","広島","鹿兒島","鹿児島","沖繩","沖縄","崎玉","埼玉","靜岡","静岡","櫪木","栃木","德島","徳島",$B11)&"*")} -> 0 | J11: {=COUNTIFS(Sheet1!$A:$A,J$1,Sheet1!$D:$D,_xlfn.SWITCH($B11,"廣島","広島","鹿兒島","鹿児島","沖繩","沖縄","崎玉","埼玉","靜岡","静岡","櫪木","栃木","德島","徳島",$B11)&"*")} -> 0 | ... AH11: {=COUNTIFS(Sheet1!$A:$A,AH$1,Sheet1!$D:$D,_xlfn.SWITCH($B11,"廣島","広島","鹿兒島","鹿児島","沖繩","沖縄","崎玉","埼玉","靜岡","静岡","櫪木","栃木","德島","徳島",$B11)&"*")} -> 0
A12: county_11 | B12: 兵庫 | C12: {=COUNTIFS(Sheet1!$A:$A,C$1,Sheet1!$D:$D,_xlfn.SWITCH($B12,"廣島","広島","鹿兒島","鹿児島","沖繩","沖縄","崎玉","埼玉","靜岡","静岡","櫪木","栃木","德島","徳島",$B12)&"*")} -> 0 | D12: {=COUNTIFS(Sheet1!$A:$A,D$1,Sheet1!$D:$D,_xlfn.SWITCH($B12,"廣島","広島","鹿兒島","鹿児島","沖繩","沖縄","崎玉","埼玉","靜岡","静岡","櫪木","栃木","德島","徳島",$B12)&"*")} -> 1 | E12: {=COUNTIFS(Sheet1!$A:$A,E$1,Sheet1!$D:$D,_xlfn.SWITCH($B12,"廣島","広島","鹿兒島","鹿児島","沖繩","沖縄","崎玉","埼玉","靜岡","静岡","櫪木","栃木","德島","徳島",$B12)&"*")} -> 16 | F12: {=COUNTIFS(Sheet1!$A:$A,F$1,Sheet1!$D:$D,_xlfn.SWITCH($B12,"廣島","広島","鹿兒島","鹿児島","沖繩","沖縄","崎玉","埼玉","靜岡","静岡","櫪木","栃木","德島","徳島",$B12)&"*")} -> 6 | G12: {=COUNTIFS(Sheet1!$A:$A,G$1,Sheet1!$D:$D,_xlfn.SWITCH($B12,"廣島","広島","鹿兒島","鹿児島","沖繩","沖縄","崎玉","埼玉","靜岡","静岡","櫪木","栃木","德島","徳島",$B12)&"*")} -> 2 | H12: {=COUNTIFS(Sheet1!$A:$A,H$1,Sheet1!$D:$D,_xlfn.SWITCH($B12,"廣島","広島","鹿兒島","鹿児島","沖繩","沖縄","崎玉","埼玉","靜岡","静岡","櫪木","栃木","德島","徳島",$B12)&"*")} -> 0 | I12: {=COUNTIFS(Sheet1!$A:$A,I$1,Sheet1!$D:$D,_xlfn.SWITCH($B12,"廣島","広島","鹿兒島","鹿児島","沖繩","沖縄","崎玉","埼玉","靜岡","静岡","櫪木","栃木","德島","徳島",$B12)&"*")} -> 0 | J12: {=COUNTIFS(Sheet1!$A:$A,J$1,Sheet1!$D:$D,_xlfn.SWITCH($B12,"廣島","広島","鹿兒島","鹿児島","沖繩","沖縄","崎玉","埼玉","靜岡","静岡","櫪木","栃木","德島","徳島",$B12)&"*")} -> 19 | ... AH12: {=COUNTIFS(Sheet1!$A:$A,AH$1,Sheet1!$D:$D,_xlfn.SWITCH($B12,"廣島","広島","鹿兒島","鹿児島","沖繩","沖縄","崎玉","埼玉","靜岡","静岡","櫪木","栃木","德島","徳島",$B12)&"*")} -> 0
A13: county_12 | B13: 北海道 | C13: {=COUNTIFS(Sheet1!$A:$A,C$1,Sheet1!$D:$D,_xlfn.SWITCH($B13,"廣島","広島","鹿兒島","鹿児島","沖繩","沖縄","崎玉","埼玉","靜岡","静岡","櫪木","栃木","德島","徳島",$B13)&"*")} -> 0 | D13: {=COUNTIFS(Sheet1!$A:$A,D$1,Sheet1!$D:$D,_xlfn.SWITCH($B13,"廣島","広島","鹿兒島","鹿児島","沖繩","沖縄","崎玉","埼玉","靜岡","静岡","櫪木","栃木","德島","徳島",$B13)&"*")} -> 4 | E13: {=COUNTIFS(Sheet1!$A:$A,E$1,Sheet1!$D:$D,_xlfn.SWITCH($B13,"廣島","広島","鹿兒島","鹿児島","沖繩","沖縄","崎玉","埼玉","靜岡","静岡","櫪木","栃木","德島","徳島",$B13)&"*")} -> 0 | F13: {=COUNTIFS(Sheet1!$A:$A,F$1,Sheet1!$D:$D,_xlfn.SWITCH($B13,"廣島","広島","鹿兒島","鹿児島","沖繩","沖縄","崎玉","埼玉","靜岡","静岡","櫪木","栃木","德島","徳島",$B13)&"*")} -> 0 | G13: {=COUNTIFS(Sheet1!$A:$A,G$1,Sheet1!$D:$D,_xlfn.SWITCH($B13,"廣島","広島","鹿兒島","鹿児島","沖繩","沖縄","崎玉","埼玉","靜岡","静岡","櫪木","栃木","德島","徳島",$B13)&"*")} -> 0 | H13: {=COUNTIFS(Sheet1!$A:$A,H$1,Sheet1!$D:$D,_xlfn.SWITCH($B13,"廣島","広島","鹿兒島","鹿児島","沖繩","沖縄","崎玉","埼玉","靜岡","静岡","櫪木","栃木","德島","徳島",$B13)&"*")} -> 0 | I13: {=COUNTIFS(Sheet1!$A:$A,I$1,Sheet1!$D:$D,_xlfn.SWITCH($B13,"廣島","広島","鹿兒島","鹿児島","沖繩","沖縄","崎玉","埼玉","靜岡","静岡","櫪木","栃木","德島","徳島",$B13)&"*")} -> 23 | J13: {=COUNTIFS(Sheet1!$A:$A,J$1,Sheet1!$D:$D,_xlfn.SWITCH($B13,"廣島","広島","鹿兒島","鹿児島","沖繩","沖縄","崎玉","埼玉","靜岡","静岡","櫪木","栃木","德島","徳島",$B13)&"*")} -> 12 | ... AH13: {=COUNTIFS(Sheet1!$A:$A,AH$1,Sheet1!$D:$D,_xlfn.SWITCH($B13,"廣島","広島","鹿兒島","鹿児島","沖繩","沖縄","崎玉","埼玉","靜岡","静岡","櫪木","栃木","德島","徳島",$B13)&"*")} -> 0
... A48: county_47 | B48: 山形 | C48: {=COUNTIFS(Sheet1!$A:$A,C$1,Sheet1!$D:$D,_xlfn.SWITCH($B48,"廣島","広島","鹿兒島","鹿児島","沖繩","沖縄","崎玉","埼玉","靜岡","静岡","櫪木","栃木","德島","徳島",$B48)&"*")} -> 0 | D48: {=COUNTIFS(Sheet1!$A:$A,D$1,Sheet1!$D:$D,_xlfn.SWITCH($B48,"廣島","広島","鹿兒島","鹿児島","沖繩","沖縄","崎玉","埼玉","靜岡","静岡","櫪木","栃木","德島","徳島",$B48)&"*")} -> 0 | E48: {=COUNTIFS(Sheet1!$A:$A,E$1,Sheet1!$D:$D,_xlfn.SWITCH($B48,"廣島","広島","鹿兒島","鹿児島","沖繩","沖縄","崎玉","埼玉","靜岡","静岡","櫪木","栃木","德島","徳島",$B48)&"*")} -> 0 | F48: {=COUNTIFS(Sheet1!$A:$A,F$1,Sheet1!$D:$D,_xlfn.SWITCH($B48,"廣島","広島","鹿兒島","鹿児島","沖繩","沖縄","崎玉","埼玉","靜岡","静岡","櫪木","栃木","德島","徳島",$B48)&"*")} -> 0 | G48: {=COUNTIFS(Sheet1!$A:$A,G$1,Sheet1!$D:$D,_xlfn.SWITCH($B48,"廣島","広島","鹿兒島","鹿児島","沖繩","沖縄","崎玉","埼玉","靜岡","静岡","櫪木","栃木","德島","徳島",$B48)&"*")} -> 0 | H48: {=COUNTIFS(Sheet1!$A:$A,H$1,Sheet1!$D:$D,_xlfn.SWITCH($B48,"廣島","広島","鹿兒島","鹿児島","沖繩","沖縄","崎玉","埼玉","靜岡","静岡","櫪木","栃木","德島","徳島",$B48)&"*")} -> 1 | I48: {=COUNTIFS(Sheet1!$A:$A,I$1,Sheet1!$D:$D,_xlfn.SWITCH($B48,"廣島","広島","鹿兒島","鹿児島","沖繩","沖縄","崎玉","埼玉","靜岡","静岡","櫪木","栃木","德島","徳島",$B48)&"*")} -> 0 | J48: {=COUNTIFS(Sheet1!$A:$A,J$1,Sheet1!$D:$D,_xlfn.SWITCH($B48,"廣島","広島","鹿兒島","鹿児島","沖繩","沖縄","崎玉","埼玉","靜岡","静岡","櫪木","栃木","德島","徳島",$B48)&"*")} -> 0 | ... AH48: {=COUNTIFS(Sheet1!$A:$A,AH$1,Sheet1!$D:$D,_xlfn.SWITCH($B48,"廣島","広島","鹿兒島","鹿児島","沖繩","沖縄","崎玉","埼玉","靜岡","静岡","櫪木","栃木","德島","徳島",$B48)&"*")} -> 0
A49: 去過縣市數量 | C49: =COUNTIF(C$2:C$48,">0") -> 12 | D49: =COUNTIF(D$2:D$48,">0") -> 12 | E49: =COUNTIF(E$2:E$48,">0") -> 11 | F49: =COUNTIF(F$2:F$48,">0") -> 17 | G49: =COUNTIF(G$2:G$48,">0") -> 20 | H49: =COUNTIF(H$2:H$48,">0") -> 9 | I49: =COUNTIF(I$2:I$48,">0") -> 15 | J49: =COUNTIF(J$2:J$48,">0") -> 13 | ... AH49: =COUNTIF(AH$2:AH$48,">0") -> 6
